Numero reference FREE	<RT951113>										
Prestation	MT1234										
Numero Requisitionne	33654342234										
Date de la requisition	2020-03-23 15h05m50s										
Debut de la Fadet	2019-12-01 11h11m11s										
Fin de la Fadet	2020-02-20 23h59m59s										
Nombre d'appels/sms/mms listes	667										
											
msisdn cible	type d'appel	complement type d'appel	sens d'appel	correspondant	renvoi	date	heure	duree(s)	sms status	imei cible	imsi cible
33654342234	SMS		emis	33656780789		01/12/2019	09:42:16		1		2,08911E+14
33654342234	SMS		emis	33656780789		01/12/2019	09:41:16		1		2,08911E+14
33654342234	SMS		emis	33656780789		01/12/2019	09:43:25		1		2,08911E+14
33654342234	SMS		emis	33656780789		01/12/2019	07:03:40		1		2,08911E+14
33654342234	SMS		emis	33656780789		01/12/2019	07:03:24		1		2,08911E+14
33654342234	SMS		emis	33656780789		01/12/2019	07:23:14		1		2,08911E+14
33654342234	VOIX		emis	33697831549		01/12/2019	09:10:45	30		3,56779E+14	2,08911E+14
33654342234	LOC			63564816c6c617369		01/12/2019	13:13:23				2,08911E+14
33654342234	VOIX		emis	33678901234		01/12/2019	17:19:13	61		3,56779E+14	2,08911E+14
33654342234	VOIX		emis	33678901234		01/12/2019	17:40:11	31		3,56779E+14	2,08911E+14
33654342234	VOIX		emis	33612347186		01/12/2019	19:11:04	62		3,56779E+14	2,08911E+14
33654342234	VOIX		emis	33678901234		01/12/2019	20:29:48	66		3,56779E+14	2,08911E+14
33654342234	VOIX		emis	33678901234		01/12/2019	20:22:49	27		3,56779E+14	2,08911E+14
33654342234	VOIX		emis	33689381111		02/12/2019	10:42:26	189		3,56779E+14	2,08911E+14
33654342234	VOIX		emis	33697831549		02/12/2019	10:26:28	34		3,56779E+14	2,08911E+14
33654342234	VOIX		emis	33697831549		02/12/2019	12:13:48	25		3,56779E+14	2,08911E+14
33654342234	VOIX		emis	33678901234		02/12/2019	17:27:17	87		3,56779E+14	2,08911E+14
33654342234	VOIX		emis	33753014725		02/12/2019	17:13:24	423		3,56779E+14	2,08911E+14
33654342234	VOIX		emis	33751519782		03/12/2019	07:22:20	24		3,56779E+14	
33654342234	VOIX		emis	33697831549		03/12/2019	09:42:21	198		3,56779E+14	
33654342234	VOIX		emis	33678901234		03/12/2019	12:46:21	82		3,56779E+14	2,08911E+14
33654342234	VOIX		emis	33753014725		03/12/2019	16:03:29	52		3,56779E+14	2,08911E+14
33654342234	VOIX		emis	33697831549		03/12/2019	16:26:24	5		3,56779E+14	
33654342234	VOIX		emis	33678901234		03/12/2019	17:13:29	132		3,56779E+14	2,08911E+14
33654342234	VOIX		emis	33697831549		04/12/2019	12:49:44	285		3,56779E+14	2,08911E+14
33654342234	VOIX		emis	33697831549		05/12/2019	10:07:17	40		3,56779E+14	2,08911E+14
33654342234	VOIX		emis	33689381111		05/12/2019	16:09:09	171		3,56779E+14	2,08911E+14
33654342234	VOIX		emis	33678901234		05/12/2019	17:27:25	49		3,56779E+14	2,08911E+14
33654342234	VOIX		emis	33697831549		05/12/2019	21:07:14	146			2,08911E+14
33654342234	VOIX		emis	33697831549		06/12/2019	10:09:26	86		3,56779E+14	2,08911E+14
33654342234	VOIX		emis	33656780789		06/12/2019	12:43:17	136		3,56779E+14	2,08911E+14
33654342234	VOIX		emis	33673492079		06/12/2019	12:46:47	188		3,56779E+14	2,08911E+14
33654342234	VOIX		emis	33697831549		06/12/2019	16:06:06	295		3,56779E+14	2,08911E+14
33654342234	VOIX		emis	33678901234		06/12/2019	16:10:28	106		3,56779E+14	2,08911E+14
33654342234	LOC			6789726f6e6f996f7374		06/12/2019	17:06:12				2,08911E+14
33654342234	LOC			33775199586		06/12/2019	19:22:09				2,08911E+14
33654342234	VOIX		emis	33775199586		06/12/2019	19:22:23	257		3,56779E+14	2,08911E+14
33654342234	LOC			33775199586		06/12/2019	19:27:45				2,08911E+14
33654342234	LOC			33775199586		06/12/2019	19:27:26				2,08911E+14
33654342234	LOC			33775199586		06/12/2019	19:29:16				2,08911E+14
33654342234	LOC			33775199586		06/12/2019	19:29:18				2,08911E+14
33654342234	LOC			33775199586		06/12/2019	19:42:04				2,08911E+14
33654342234	VOIX		emis	33697831549		07/12/2019	09:23:25	136			2,08911E+14
33654342234	VOIX		emis	33656780789		07/12/2019	10:02:20	24		3,56779E+14	2,08911E+14
33654342234	VOIX		emis	33697831549		07/12/2019	10:22:25	74		3,56779E+14	2,08911E+14
33654342234	VOIX		emis	33650679974		07/12/2019	10:29:44	176		3,56779E+14	2,08911E+14
33654342234	VOIX		emis	33656780789		07/12/2019	12:13:45	33		3,56779E+14	
33654342234	VOIX		emis	33678901234		07/12/2019	11:27:26	5		3,56779E+14	2,08911E+14
33654342234	VOIX		emis	33775199586		07/12/2019	16:41:04	80		3,56779E+14	2,08911E+14
33654342234	VOIX		emis	33775199586		07/12/2019	16:21:11	4		3,56779E+14	2,08911E+14
33654342234	LOC			33775199586		07/12/2019	16:41:05				2,08911E+14
33654342234	SMS		emis	33775199586		07/12/2019	16:41:05		1		2,08911E+14
33654342234	VOIX		emis	33769346987		07/12/2019	16:49:41	376		3,56779E+14	2,08911E+14
33654342234	VOIX		emis	33775199586		07/12/2019	19:49:21	31		3,56779E+14	
33654342234	VOIX		emis	33769346987		07/12/2019	17:40:43	66		3,56779E+14	
33654342234	VOIX		emis	33775199586		07/12/2019	17:11:23	12		3,56779E+14	
33654342234	SMS		emis	33775199586		07/12/2019	17:06:21		1		2,08911E+14
33654342234	VOIX		emis	33678901234		07/12/2019	17:42:10	85		3,56779E+14	2,08911E+14
33654342234	LOC			33775199586		08/12/2019	09:49:42				2,08911E+14
33654342234	VOIX		emis	33678901234		08/12/2019	12:10:43	29		3,56779E+14	2,08911E+14
33654342234	VOIX		emis	33678901234		08/12/2019	12:29:23	137		3,56779E+14	2,08911E+14
33654342234	VOIX		emis	33689381111		08/12/2019	12:29:40	4		3,56779E+14	2,08911E+14
33654342234	VOIX		emis	33689381111		08/12/2019	12:27:15	7		3,56779E+14	2,08911E+14
33654342234	VOIX		emis	33656716461		08/12/2019	11:02:43	50		3,56779E+14	2,08911E+14
33654342234	VOIX		emis	33656716461		08/12/2019	11:07:06	11		3,56779E+14	2,08911E+14
33654342234	LOC			33697831549		08/12/2019	16:02:46				2,08911E+14
33654342234	VOIX		emis	33697831549		08/12/2019	16:02:24	21		3,56779E+14	2,08911E+14
33654342234	VOIX		emis	33769346987		08/12/2019	19:02:28	7		3,56779E+14	2,08911E+14
33654342234	SMS	mevo	emis	33769346987		08/12/2019	19:01:21		1		
33654342234	VOIX		emis	33769346987		08/12/2019	19:03:07	22		3,56779E+14	2,08911E+14
33654342234	VOIX		emis	33769346987		08/12/2019	19:42:14	22		3,56779E+14	2,08911E+14
33654342234	VOIX		emis	33769346987		08/12/2019	19:46:41	3		3,56779E+14	
33654342234	VOIX		emis	33769346987		08/12/2019	19:47:05	6		3,56779E+14	
33654342234	VOIX		emis	33689381111		09/12/2019	10:23:45	337		3,56779E+14	2,08911E+14
33654342234	VOIX		emis	33678901234		09/12/2019	12:41:24	75		3,56779E+14	
33654342234	VOIX		emis	33689381111		09/12/2019	12:21:23	221		3,56779E+14	
33654342234	VOIX		emis	33678901234		09/12/2019	12:23:20	69		3,56779E+14	
33654342234	VOIX		emis	33697831549		09/12/2019	11:40:09	107		3,56779E+14	2,08911E+14
33654342234	VOIX		emis	33678901234		09/12/2019	11:47:48	138		3,56779E+14	2,08911E+14
33654342234	VOIX		emis	33697831549		09/12/2019	13:01:21	61		3,56779E+14	2,08911E+14
33654342234	VOIX		emis	33697831549		09/12/2019	13:47:44	82		3,56779E+14	2,08911E+14
33654342234	VOIX		emis	33678901234		09/12/2019	13:49:47	15		3,56779E+14	2,08911E+14
33654342234	VOIX		emis	33697831549		09/12/2019	13:21:47	16		3,56779E+14	2,08911E+14
33654342234	VOIX		emis	33751519782		09/12/2019	17:10:15	120		3,56779E+14	2,08911E+14
33654342234	VOIX		emis	33678901234		09/12/2019	19:46:44	9		3,56779E+14	2,08911E+14
33654342234	VOIX		emis	33678901234		09/12/2019	17:46:27	38			2,08911E+14
33654342234	VOIX		emis	33678901234		09/12/2019	17:12:29	98		3,56779E+14	
33654342234	VOIX		emis	33678901234		09/12/2019	17:47:47	8		3,56779E+14	
33654342234	VOIX		emis	33751519782		09/12/2019	19:12:08	172		3,56779E+14	
33654342234	VOIX		emis	33678901234		09/12/2019	19:49:27	6		3,56779E+14	2,08911E+14
33654342234	VOIX		emis	33678901234		09/12/2019	19:40:47	23		3,56779E+14	2,08911E+14
33654342234	VOIX		emis	33751519782		09/12/2019	20:40:40	119		3,56779E+14	2,08911E+14
33654342234	VOIX		emis	33697831549		10/12/2019	07:49:10	13		3,56779E+14	2,08911E+14
33654342234	SMS	mevo	emis	33697831549		10/12/2019	07:49:23		1		
33654342234	VOIX		emis	33751519782		10/12/2019	07:22:20	48		3,56779E+14	2,08911E+14
33654342234	VOIX		emis	33751519782		10/12/2019	13:22:40	11		3,56779E+14	2,08911E+14
33654342234	VOIX		emis	33751519782		10/12/2019	13:22:12	12		3,56779E+14	2,08911E+14
33654342234	VOIX		emis	33697831549		10/12/2019	16:42:46	11		3,56779E+14	2,08911E+14
33654342234	LOC			33751519782		10/12/2019	17:22:41				2,08911E+14
33654342234	VOIX		emis	33751519782		10/12/2019	20:27:23	43		3,56779E+14	2,08911E+14
33654342234	VOIX		emis	33751519782		10/12/2019	22:19:49	240		3,56779E+14	2,08911E+14
33654342234	VOIX		emis	33622286194		11/12/2019	19:01:28	65		3,56779E+14	2,08911E+14
33654342234	VOIX		emis	33678901234		11/12/2019	20:16:03	8		3,56779E+14	2,08911E+14
33654342234	VOIX		emis	33697831549		12/12/2019	09:27:42	4		3,56779E+14	2,08911E+14
33654342234	SMS	mevo	emis	33697831549		12/12/2019	09:27:07		1		
33654342234	VOIX		emis	33753014725		12/12/2019	10:22:47	179		3,56779E+14	
33654342234	VOIX		emis	33656780789		12/12/2019	12:46:42	36		3,56779E+14	2,08911E+14
33654342234	VOIX		emis	33656780789		12/12/2019	12:27:40	13		3,56779E+14	2,08911E+14
33654342234	LOC			33674642237		12/12/2019	12:27:12				2,08911E+14
33654342234	VOIX		emis	33674642237		12/12/2019	12:29:10	24		3,56779E+14	2,08911E+14
33654342234	VOIX		emis	33753014725		12/12/2019	12:49:02	23		3,56779E+14	
33654342234	VOIX		emis	33753014725		12/12/2019	12:21:14	13		3,56779E+14	2,08911E+14
33654342234	VOIX		emis	33753014725		12/12/2019	12:26:47	8		3,56779E+14	2,08911E+14
33654342234	VOIX		emis	33616381195		12/12/2019	16:49:47	123		3,56779E+14	2,08911E+14
33654342234	VOIX		emis	33616381195		12/12/2019	16:42:13	127		3,56779E+14	2,08911E+14
33654342234	VOIX		emis	33678901234		12/12/2019	16:26:49	155		3,56779E+14	2,08911E+14
33654342234	VOIX		emis	33678901234		12/12/2019	16:42:19	119		3,56779E+14	2,08911E+14
33654342234	VOIX		emis	33678901234		12/12/2019	17:42:09	30		3,56779E+14	2,08911E+14
33654342234	VOIX		emis	33678901234		12/12/2019	17:22:18	7		3,56779E+14	2,08911E+14
33654342234	VOIX		emis	33678901234		12/12/2019	17:21:03	29		3,56779E+14	2,08911E+14
33654342234	VOIX		emis	33678901234		12/12/2019	17:29:47	5		3,56779E+14	2,08911E+14
33654342234	VOIX		emis	33678901234		12/12/2019	17:27:13	10		3,56779E+14	2,08911E+14
33654342234	VOIX		emis	33697831549		12/12/2019	19:47:48	246		3,56779E+14	2,08911E+14
33654342234	SMS		emis	3,80677E+11		13/12/2019	12:10:46		1		2,08911E+14
33654342234	SMS		emis	3,80677E+11		13/12/2019	12:10:46		1		2,08911E+14
33654342234	SMS		emis	3,80677E+11		13/12/2019	12:10:46		1		2,08911E+14
33654342234	VOIX		emis	33697831549		13/12/2019	12:41:47	4		3,56779E+14	2,08911E+14
33654342234	SMS	mevo	emis	33697831549		13/12/2019	12:41:44		1		
33654342234	VOIX		emis	33697831549		13/12/2019	12:26:02	6		3,56779E+14	2,08911E+14
33654342234	VOIX		emis	33697831549		13/12/2019	12:27:49	7		3,56779E+14	2,08911E+14
33654342234	VOIX		emis	33681025618		13/12/2019	13:26:45	27		3,56779E+14	2,08911E+14
33654342234	VOIX		emis	33697831549		13/12/2019	17:41:19	17		3,56779E+14	2,08911E+14
33654342234	VOIX		emis	33697831549		13/12/2019	17:41:27	165		3,56779E+14	2,08911E+14
33654342234	VOIX		emis	MEVO		14/12/2019	10:49:45	23		3,56779E+14	2,08911E+14
33654342234	LOC			MEVO		14/12/2019	10:49:43				2,08911E+14
33654342234	VOIX		emis	33622659542		14/12/2019	10:20:04	199		3,56779E+14	2,08911E+14
33654342234	VOIX		emis	33697831549		14/12/2019	10:21:13	6		3,56779E+14	2,08911E+14
33654342234	SMS	mevo	emis	33697831549		14/12/2019	10:21:24		1		
33654342234	VOIX		emis	33781773072		14/12/2019	12:26:47	132		3,56779E+14	2,08911E+14
33654342234	VOIX		emis	33622659542		14/12/2019	12:02:20	125		3,56779E+14	2,08911E+14
33654342234	VOIX		emis	33678901234		14/12/2019	16:42:49	27		3,56779E+14	2,08911E+14
33654342234	VOIX		emis	33678901234		14/12/2019	16:09:11	83		3,56779E+14	2,08911E+14
33654342234	VOIX		emis	33697831549		14/12/2019	17:16:24	137		3,56779E+14	2,08911E+14
33654342234	VOIX		emis	33697831549		15/12/2019	12:46:11	211		3,56779E+14	2,08911E+14
33654342234	VOIX		emis	33769346987		15/12/2019	11:26:27	21			2,08911E+14
33654342234	VOIX		emis	MEVO		15/12/2019	17:49:46	38		3,56779E+14	
33654342234	VOIX		emis	33622659542		15/12/2019	17:47:28	46		3,56779E+14	2,08911E+14
33654342234	VOIX		emis	33697831549		15/12/2019	22:12:20	294		3,56779E+14	2,08911E+14
33654342234	VOIX		emis	33697831549		16/12/2019	10:29:45	56		3,56779E+14	2,08911E+14
33654342234	VOIX		emis	33656780789		16/12/2019	16:11:19	14		3,56779E+14	2,08911E+14
33654342234	VOIX		emis	33697831549		16/12/2019	17:01:20	3			2,08911E+14
33654342234	SMS	mevo	emis	33697831549		16/12/2019	17:03:12		1		
33654342234	VOIX		emis	33697831549		16/12/2019	17:03:47	24			2,08911E+14
33654342234	VOIX		emis	33493160260		16/12/2019	20:07:28	47		3,56779E+14	2,08911E+14
33654342234	VOIX		emis	33697831549		16/12/2019	20:07:26	97		3,56779E+14	2,08911E+14
33654342234	VOIX		emis	33697831549		17/12/2019	11:41:21	3		3,56779E+14	2,08911E+14
33654342234	SMS	mevo	emis	33697831549		17/12/2019	11:41:42		1		
33654342234	VOIX		emis	33493566564		17/12/2019	16:09:06	114		3,56779E+14	2,08911E+14
33654342234	VOIX		emis	33493566564		17/12/2019	16:12:29	46		3,56779E+14	2,08911E+14
33654342234	VOIX		emis	33492477190		17/12/2019	16:16:04	23		3,56779E+14	2,08911E+14
33654342234	VOIX		emis	33697831549		17/12/2019	16:17:14	26		3,56779E+14	2,08911E+14
33654342234	VOIX		emis	33697831549		17/12/2019	16:29:25	1			2,08911E+14
33654342234	VOIX		emis	33697831549		17/12/2019	16:41:43	11		3,56779E+14	2,08911E+14
33654342234	VOIX		emis	33678901234		17/12/2019	17:42:24	7		3,56779E+14	
33654342234	VOIX		emis	33697831549		17/12/2019	19:22:41	121		3,56779E+14	2,08911E+14
33654342234	VOIX		emis	33697831549		18/12/2019	19:13:42	135		3,56779E+14	2,08911E+14
33654342234	VOIX		emis	33697831549		19/12/2019	07:49:41	34		3,56779E+14	2,08911E+14
33654342234	VOIX		emis	33697831549		19/12/2019	07:41:12	99		3,56779E+14	2,08911E+14
33654342234	VOIX		emis	33697831549		19/12/2019	07:27:06	29		3,56779E+14	2,08911E+14
33654342234	VOIX		emis	33697831549		19/12/2019	11:46:44	166		3,56779E+14	2,08911E+14
33654342234	VOIX		emis	33697831549		19/12/2019	13:43:43	18		3,56779E+14	2,08911E+14
33654342234	VOIX		emis	33697831549		19/12/2019	13:47:06	118		3,56779E+14	2,08911E+14
33654342234	LOC			MEVO		19/12/2019	13:49:29				2,08911E+14
33654342234	VOIX		emis	MEVO		19/12/2019	13:20:23	20		3,56779E+14	2,08911E+14
33654342234	LOC			MEVO		19/12/2019	13:20:44				2,08911E+14
33654342234	VOIX		emis	33622286194		19/12/2019	13:22:05	610		3,56779E+14	2,08911E+14
33654342234	VOIX		emis	33656780789		19/12/2019	16:42:49	34		3,56779E+14	2,08911E+14
33654342234	SMS		emis	33656780789		19/12/2019	16:46:40		1		2,08911E+14
33654342234	VOIX		emis	33678901234		19/12/2019	17:12:29	10		3,56779E+14	2,08911E+14
33654342234	VOIX		emis	33678901234		19/12/2019	17:07:43	40		3,56779E+14	2,08911E+14
33654342234	VOIX		emis	33678901234		19/12/2019	17:41:17	105		3,56779E+14	2,08911E+14
33654342234	VOIX		emis	33678901234		19/12/2019	17:41:49	21		3,56779E+14	2,08911E+14
33654342234	VOIX		emis	33678901234		19/12/2019	19:23:43	58			2,08911E+14
33654342234	VOIX		emis	33678901234		19/12/2019	20:16:28	24		3,56779E+14	
33654342234	VOIX		emis	33678901234		19/12/2019	20:22:21	11			2,08911E+14
33654342234	VOIX		emis	33697831549		19/12/2019	22:46:07	1111		3,56779E+14	2,08911E+14
33654342234	SMS		emis	33697831549		20/12/2019	09:10:41		1		2,08911E+14
33654342234	VOIX		emis	33689381111		20/12/2019	10:22:28	8		3,56779E+14	
33654342234	VOIX		emis	33689381111		20/12/2019	10:43:40	9		3,56779E+14	2,08911E+14
33654342234	VOIX		emis	33697831549		20/12/2019	12:41:07	56		3,56779E+14	
33654342234	VOIX		emis	33697831549		20/12/2019	12:19:03	8		3,56779E+14	2,08911E+14
33654342234	VOIX		emis	33689381111		20/12/2019	12:26:26	56		3,56779E+14	2,08911E+14
33654342234	VOIX		emis	33678901234		20/12/2019	16:47:19	49		3,56779E+14	2,08911E+14
33654342234	VOIX		emis	33678901234		20/12/2019	16:49:26	35		3,56779E+14	2,08911E+14
33654342234	VOIX		emis	33624444081		20/12/2019	16:20:15	325		3,56779E+14	2,08911E+14
33654342234	VOIX		emis	33697831549		20/12/2019	17:17:24	68		3,56779E+14	2,08911E+14
33654342234	VOIX		emis	33689381111		20/12/2019	17:02:05	56		3,56779E+14	2,08911E+14
33654342234	VOIX		emis	33678901234		20/12/2019	17:47:18	21		3,56779E+14	2,08911E+14
33654342234	VOIX		emis	33689381111		21/12/2019	07:47:46	140		3,56779E+14	
33654342234	VOIX		emis	33689381111		21/12/2019	09:13:23	40		3,56779E+14	2,08911E+14
33654342234	VOIX		emis	33689381111		21/12/2019	09:27:28	10		3,56779E+14	2,08911E+14
33654342234	VOIX		emis	33689381111		21/12/2019	09:27:40	162		3,56779E+14	2,08911E+14
33654342234	VOIX		emis	33697831549		21/12/2019	10:07:44	3		3,56779E+14	2,08911E+14
33654342234	SMS	mevo	emis	33697831549		21/12/2019	10:09:07		1		
33654342234	LOC			33697831549		21/12/2019	12:22:17				2,08911E+14
33654342234	LOC			464c59		21/12/2019	13:02:42				2,08911E+14
33654342234	VOIX		emis	33753014725		21/12/2019	17:47:28	12		3,56779E+14	2,08911E+14
33654342234	VOIX		emis	33753014725		21/12/2019	17:40:04	61		3,56779E+14	2,08911E+14
33654342234	VOIX		emis	33678901234		21/12/2019	19:26:11	99		3,56779E+14	2,08911E+14
33654342234	VOIX		emis	33697831549		21/12/2019	22:21:44	292		3,56779E+14	2,08911E+14
33654342234	VOIX		emis	33697831549		22/12/2019	10:40:15	34		3,56779E+14	2,08911E+14
33654342234	VOIX		emis	33678901234		22/12/2019	10:41:46	2		3,56779E+14	2,08911E+14
33654342234	VOIX		emis	33678901234		22/12/2019	12:02:47	19		3,56779E+14	2,08911E+14
33654342234	VOIX		emis	33689381111		22/12/2019	13:22:49	58		3,56779E+14	2,08911E+14
33654342234	VOIX		emis	33678901234		22/12/2019	17:01:22	53		3,56779E+14	2,08911E+14
33654342234	VOIX		emis	33697831549		23/12/2019	07:29:43	55		3,56779E+14	2,08911E+14
33654342234	VOIX		emis	33697831549		23/12/2019	09:46:45	15		3,56779E+14	
33654342234	VOIX		emis	33689381111		23/12/2019	12:12:03	208		3,56779E+14	2,08911E+14
33654342234	VOIX		emis	33678901234		23/12/2019	13:26:10	109		3,56779E+14	2,08911E+14
33654342234	VOIX		emis	33678901234		23/12/2019	16:21:15	64		3,56779E+14	2,08911E+14
33654342234	VOIX		emis	33751519782		23/12/2019	16:22:11	35			2,08911E+14
33654342234	VOIX		emis	33751519782		23/12/2019	16:26:04	27			2,08911E+14
33654342234	VOIX		emis	33751519782		23/12/2019	16:46:15	5			2,08911E+14
33654342234	VOIX		emis	33753014725		23/12/2019	16:41:25	63			2,08911E+14
33654342234	VOIX		emis	33751519782		23/12/2019	16:47:14	36			2,08911E+14
33654342234	VOIX		emis	33751519782		23/12/2019	17:20:07	209		3,56779E+14	2,08911E+14
33654342234	VOIX		emis	33751519782		23/12/2019	17:02:27	289		3,56779E+14	
33654342234	VOIX		emis	33769346987		24/12/2019	12:10:24	83		3,56779E+14	2,08911E+14
33654342234	VOIX		emis	33769346987		24/12/2019	12:22:11	27		3,56779E+14	2,08911E+14
33654342234	VOIX		emis	3,80677E+11		24/12/2019	12:07:48	21		3,56779E+14	2,08911E+14
33654342234	VOIX		emis	33674642237		24/12/2019	16:23:25	74		3,56779E+14	
33654342234	VOIX		emis	33769346987		24/12/2019	16:22:46	76		3,56779E+14	2,08911E+14
33654342234	VOIX		emis	33769346987		24/12/2019	22:06:40	22		3,56779E+14	2,08911E+14
33654342234	SMS		emis	33697831549		25/12/2019	13:27:28		1		2,08911E+14
33654342234	SMS		emis	33697831549		25/12/2019	13:29:11		1		2,08911E+14
33654342234	SMS		emis	33697831549		25/12/2019	13:29:18		1		2,08911E+14
33654342234	VOIX		emis	33689381111		26/12/2019	12:16:28	132		3,56779E+14	2,08911E+14
33654342234	VOIX		emis	33697831549		26/12/2019	12:22:21	3		3,56779E+14	2,08911E+14
33654342234	SMS	mevo	emis	33697831549		26/12/2019	12:22:28		1		
33654342234	VOIX		emis	33697831549		26/12/2019	12:22:43	18		3,56779E+14	2,08911E+14
33654342234	VOIX		emis	33612347186		26/12/2019	12:23:26	72		3,56779E+14	2,08911E+14
33654342234	VOIX		emis	33616381195		26/12/2019	12:26:02	174		3,56779E+14	2,08911E+14
33654342234	VOIX		emis	33697831549		26/12/2019	12:29:21	20		3,56779E+14	2,08911E+14
33654342234	VOIX		emis	33697831549		26/12/2019	12:42:16	256		3,56779E+14	2,08911E+14
33654342234	VOIX		emis	33678901234		26/12/2019	13:22:20	51		3,56779E+14	2,08911E+14
33654342234	VOIX		emis	33622659542		26/12/2019	13:26:43	173		3,56779E+14	2,08911E+14
33654342234	VOIX		emis	33678901234		26/12/2019	16:12:24	33		3,56779E+14	2,08911E+14
33654342234	VOIX		emis	33616381195		26/12/2019	16:16:45	111		3,56779E+14	2,08911E+14
33654342234	VOIX		emis	33622659542		26/12/2019	16:20:29	434		3,56779E+14	2,08911E+14
33654342234	VOIX		emis	33678901234		26/12/2019	16:49:01	90		3,56779E+14	
33654342234	VOIX		emis	33678901234		26/12/2019	17:46:13	49		3,56779E+14	2,08911E+14
33654342234	VOIX		emis	33697831549		27/12/2019	12:42:18	13		3,56779E+14	2,08911E+14
33654342234	SMS	mevo	emis	33697831549		27/12/2019	12:42:20		1		
33654342234	VOIX		emis	33697831549		27/12/2019	12:41:24	2		3,56779E+14	2,08911E+14
33654342234	VOIX		emis	33678901234		27/12/2019	20:13:13	42		3,56779E+14	2,08911E+14
33654342234	VOIX		emis	33612347186		28/12/2019	12:41:44	365		3,56779E+14	2,08911E+14
33654342234	VOIX		emis	33697831549		28/12/2019	11:20:48	201		3,56779E+14	2,08911E+14
33654342234	VOIX		emis	33697831549		28/12/2019	16:16:25	33		3,56779E+14	2,08911E+14
33654342234	VOIX		emis	33678901234		28/12/2019	17:22:48	5		3,56779E+14	2,08911E+14
33654342234	VOIX		emis	33678901234		28/12/2019	17:21:42	2		3,56779E+14	2,08911E+14
33654342234	VOIX		emis	33678901234		29/12/2019	16:41:05	99		3,56779E+14	2,08911E+14
33654342234	VOIX		emis	MEVO		29/12/2019	16:46:28	42		3,56779E+14	2,08911E+14
33654342234	VOIX		emis	MEVO		29/12/2019	17:09:45	116		3,56779E+14	2,08911E+14
33654342234	LOC			MEVO		29/12/2019	17:07:45				2,08911E+14
33654342234	VOIX		emis	33697831549		29/12/2019	19:29:23	325		3,56779E+14	2,08911E+14
33654342234	VOIX		emis	MEVO		29/12/2019	20:22:20	101		3,56779E+14	2,08911E+14
33654342234	VOIX		emis	33697831549		30/12/2019	11:42:19	47		3,56779E+14	2,08911E+14
33654342234	VOIX		emis	33697831549		30/12/2019	11:26:45	14		3,56779E+14	2,08911E+14
33654342234	VOIX		emis	33697831549		30/12/2019	07:20:43	115		3,56779E+14	2,08911E+14
33654342234	VOIX		emis	33697831549		30/12/2019	10:27:48	14			2,08911E+14
33654342234	VOIX		emis	33697831549		30/12/2019	16:11:08	79		3,56779E+14	2,08911E+14
33654342234	VOIX		emis	33697831549		30/12/2019	16:42:26	102		3,56779E+14	2,08911E+14
33654342234	VOIX		emis	33697831549		30/12/2019	16:47:46	51		3,56779E+14	2,08911E+14
33654342234	VOIX		emis	33697831549		30/12/2019	16:49:26	48		3,56779E+14	2,08911E+14
33654342234	VOIX		emis	33678901234		30/12/2019	16:43:27	68		3,56779E+14	2,08911E+14
33654342234	VOIX		emis	33697831549		30/12/2019	19:42:29	3		3,56779E+14	2,08911E+14
33654342234	VOIX		emis	33661375444		30/12/2019	19:42:26	13		3,56779E+14	2,08911E+14
33654342234	VOIX		emis	33697831549		30/12/2019	19:49:44	3		3,56779E+14	2,08911E+14
33654342234	VOIX		emis	33661375444		30/12/2019	17:40:01	38		3,56779E+14	2,08911E+14
33654342234	VOIX		emis	33697831549		30/12/2019	17:03:42	55		3,56779E+14	2,08911E+14
33654342234	VOIX		emis	33697831549		30/12/2019	17:21:47	35			2,08911E+14
33654342234	VOIX		emis	33697831549		30/12/2019	19:06:40	26		3,56779E+14	
33654342234	VOIX		emis	33656780789		30/12/2019	20:41:27	151		3,56779E+14	2,08911E+14
33654342234	SMS	otad	emis	2043		31/12/2019	11:16:15		1		2,08911E+14
33654342234	VOIX		emis	MEVO		31/12/2019	10:16:26	25		3,56779E+14	2,08911E+14
33654342234	LOC			MEVO		31/12/2019	10:17:07				2,08911E+14
33654342234	VOIX		emis	33697831549		31/12/2019	10:19:41	155		3,56779E+14	2,08911E+14
33654342234	VOIX		emis	33678901234		31/12/2019	12:11:49	13		3,56779E+14	2,08911E+14
33654342234	VOIX		emis	33678901234		31/12/2019	12:26:23	17		3,56779E+14	2,08911E+14
33654342234	VOIX		emis	33769346987		31/12/2019	12:27:41	117		3,56779E+14	2,08911E+14
33654342234	VOIX		emis	33697831549		31/12/2019	11:42:26	5		3,56779E+14	
33654342234	VOIX		emis	33697831549		31/12/2019	21:06:09	4		3,56779E+14	2,08911E+14
33654342234	VOIX		emis	33697831549		31/12/2019	21:06:20	29		3,56779E+14	2,08911E+14
33654342234	VOIX		emis	33697831549		01/01/2020	07:29:25	3		3,56779E+14	2,08911E+14
33654342234	VOIX		emis	33697831549		01/01/2020	07:29:29	3		3,56779E+14	2,08911E+14
33654342234	VOIX		emis	33697831549		01/01/2020	09:11:42	1		3,56779E+14	2,08911E+14
33654342234	VOIX		emis	33697831549		01/01/2020	10:16:41	179		3,56779E+14	2,08911E+14
33654342234	VOIX		emis	33697831549		01/01/2020	17:42:18	10		3,56779E+14	2,08911E+14
33654342234	VOIX		emis	33751519782		01/01/2020	19:22:46	721		3,56779E+14	2,08911E+14
33654342234	VOIX		emis	33697831549		01/01/2020	22:22:47	322		3,56779E+14	2,08911E+14
33654342234	VOIX		emis	33697831549		02/01/2020	10:27:26	345		3,56779E+14	2,08911E+14
33654342234	VOIX		emis	33697831549		02/01/2020	12:26:29	109		3,56779E+14	2,08911E+14
33654342234	VOIX		emis	33697831549		02/01/2020	11:22:23	226		3,56779E+14	2,08911E+14
33654342234	LOC			33697831549		02/01/2020	13:11:21				2,08911E+14
33654342234	SMS		emis	33697831549		02/01/2020	13:11:21		1		2,08911E+14
33654342234	VOIX		emis	33697831549		02/01/2020	13:46:41	494		3,56779E+14	2,08911E+14
33654342234	VOIX		emis	33697831549		03/01/2020	07:23:18	232		3,56779E+14	2,08911E+14
33654342234	VOIX		emis	33697831549		03/01/2020	09:42:10	233		3,56779E+14	2,08911E+14
33654342234	VOIX		emis	33697831549		03/01/2020	10:21:43	48		3,56779E+14	2,08911E+14
33654342234	VOIX		emis	33689381111		03/01/2020	12:27:07	7		3,56779E+14	2,08911E+14
33654342234	VOIX		emis	33769346987		03/01/2020	12:29:03	178		3,56779E+14	2,08911E+14
33654342234	VOIX		emis	33689381111		03/01/2020	12:02:18	21		3,56779E+14	2,08911E+14
33654342234	VOIX		emis	33689381111		03/01/2020	12:01:11	64		3,56779E+14	2,08911E+14
33654342234	VOIX		emis	33678901234		03/01/2020	12:06:25	115		3,56779E+14	
33654342234	VOIX		emis	MEVO		03/01/2020	12:07:26	236		3,56779E+14	
33654342234	VOIX		emis	33678901234		03/01/2020	12:11:02	21		3,56779E+14	
33654342234	VOIX		emis	33697831549		03/01/2020	12:16:49	3		3,56779E+14	2,08911E+14
33654342234	VOIX		emis	33697831549		03/01/2020	12:40:22	418		3,56779E+14	2,08911E+14
33654342234	VOIX		emis	33697831549		03/01/2020	13:17:46	14		3,56779E+14	2,08911E+14
33654342234	VOIX		emis	33678901234		03/01/2020	13:41:03	91		3,56779E+14	
33654342234	VOIX		emis	33697831549		03/01/2020	13:46:48	162		3,56779E+14	2,08911E+14
33654342234	LOC			33609753889		03/01/2020	13:42:45				2,08911E+14
33654342234	LOC			33609753889		03/01/2020	13:42:40				2,08911E+14
33654342234	VOIX		emis	33689381111		03/01/2020	13:43:08	12		3,56779E+14	
33654342234	VOIX		emis	33697831549		03/01/2020	16:12:15	161		3,56779E+14	2,08911E+14
33654342234	VOIX		emis	33678901234		03/01/2020	16:26:01	49		3,56779E+14	2,08911E+14
33654342234	VOIX		emis	33697831549		03/01/2020	16:26:44	41		3,56779E+14	2,08911E+14
33654342234	VOIX		emis	33697831549		03/01/2020	16:10:29	53		3,56779E+14	2,08911E+14
33654342234	VOIX		emis	33678901234		04/01/2020	11:26:28	6		3,56779E+14	2,08911E+14
33654342234	VOIX		emis	33678901234		04/01/2020	13:27:14	36		3,56779E+14	2,08911E+14
33654342234	VOIX		emis	33678901234		04/01/2020	13:40:25	25		3,56779E+14	2,08911E+14
33654342234	VOIX		emis	33678901234		04/01/2020	13:29:28	2		3,56779E+14	2,08911E+14
33654342234	VOIX		emis	33678901234		04/01/2020	16:11:42	7		3,56779E+14	2,08911E+14
33654342234	VOIX		emis	33751519782		05/01/2020	16:02:13	31		3,56779E+14	2,08911E+14
33654342234	VOIX		emis	33753014725		05/01/2020	16:02:21	251		3,56779E+14	2,08911E+14
33654342234	VOIX		emis	33612347186		05/01/2020	16:16:47	17		3,56779E+14	2,08911E+14
33654342234	VOIX		emis	33616381195		05/01/2020	16:29:03	93		3,56779E+14	2,08911E+14
33654342234	VOIX		emis	33612347186		06/01/2020	12:17:15	19		3,56779E+14	2,08911E+14
33654342234	VOIX		emis	33612347186		06/01/2020	13:11:40	45		3,56779E+14	2,08911E+14
33654342234	VOIX		emis	33753014725		06/01/2020	13:03:01	4		3,56779E+14	2,08911E+14
33654342234	VOIX		emis	33612347186		07/01/2020	17:22:04	11		3,56779E+14	2,08911E+14
33654342234	VOIX		emis	33612347186		08/01/2020	11:07:02	99		3,56779E+14	2,08911E+14
33654342234	VOIX		emis	33612347186		09/01/2020	10:49:48	101		3,56779E+14	2,08911E+14
33654342234	LOC			MEVO		09/01/2020	12:12:46				2,08911E+14
33654342234	VOIX		emis	MEVO		09/01/2020	12:17:29	38		3,56779E+14	2,08911E+14
33654342234	LOC			MEVO		09/01/2020	12:17:10				2,08911E+14
33654342234	VOIX		emis	33616381195		09/01/2020	12:26:09	23		3,56779E+14	2,08911E+14
33654342234	VOIX		emis	33689381111		09/01/2020	17:06:18	8		3,56779E+14	2,08911E+14
33654342234	VOIX		emis	33678901234		09/01/2020	17:23:46	113		3,56779E+14	2,08911E+14
33654342234	VOIX		emis	3,80674E+11		09/01/2020	19:42:24	153		3,56779E+14	2,08911E+14
33654342234	VOIX		emis	3,8068E+11		09/01/2020	19:46:14	771		3,56779E+14	2,08911E+14
33654342234	LOC			5542414c44492e636f6d		10/01/2020	10:41:41				2,08911E+14
33654342234	VOIX		emis	33678901234		10/01/2020	16:12:21	102		3,56779E+14	2,08911E+14
33654342234	VOIX		emis	33634191197		11/01/2020	12:46:12	6		3,56779E+14	
33654342234	VOIX		emis	33634191197		11/01/2020	12:46:43	75		3,56779E+14	
33654342234	VOIX		emis	33681025618		11/01/2020	13:42:46	190		3,56779E+14	2,08911E+14
33654342234	VOIX		emis	33678901234		11/01/2020	13:46:41	25		3,56779E+14	2,08911E+14
33654342234	VOIX		emis	33612347186		11/01/2020	16:46:49	125		3,56779E+14	2,08911E+14
33654342234	VOIX		emis	MEVO		11/01/2020	16:03:49	21		3,56779E+14	
33654342234	VOIX		emis	33612347186		11/01/2020	16:47:18	10		3,56779E+14	2,08911E+14
33654342234	VOIX		emis	33612347186		11/01/2020	16:47:27	8		3,56779E+14	2,08911E+14
33654342234	VOIX		emis	33612347186		11/01/2020	16:40:49	53		3,56779E+14	2,08911E+14
33654342234	VOIX		emis	33689381111		12/01/2020	12:21:29	5		3,56779E+14	2,08911E+14
33654342234	VOIX		emis	33775199586		13/01/2020	09:13:48	9		3,56779E+14	2,08911E+14
33654342234	LOC			33656780789		13/01/2020	10:29:23				2,08911E+14
33654342234	VOIX		emis	33656780789		13/01/2020	10:40:27	278		3,56779E+14	2,08911E+14
33654342234	VOIX		emis	33678901234		13/01/2020	10:27:47	95		3,56779E+14	2,08911E+14
33654342234	VOIX		emis	33678901234		13/01/2020	12:12:21	6		3,56779E+14	2,08911E+14
33654342234	VOIX		emis	33678901234		13/01/2020	12:20:40	2		3,56779E+14	
33654342234	VOIX		emis	33769346987		13/01/2020	12:46:29	3		3,56779E+14	2,08911E+14
33654342234	VOIX		emis	33678901234		13/01/2020	19:09:19	9		3,56779E+14	
33654342234	VOIX		emis	33678901234		13/01/2020	19:09:27	15		3,56779E+14	
33654342234	VOIX		emis	33678901234		13/01/2020	19:10:49	9		3,56779E+14	
33654342234	VOIX		emis	33678901234		13/01/2020	19:12:14	20		3,56779E+14	
33654342234	SMS	apple	emis	2046		14/01/2020	07:46:12		1		2,08911E+14
33654342234	VOIX		emis	33634191197		14/01/2020	16:17:21	5		3,56779E+14	2,08911E+14
33654342234	VOIX		emis	MEVO		15/01/2020	09:23:47	57		3,56779E+14	2,08911E+14
33654342234	LOC			MEVO		15/01/2020	09:23:47				2,08911E+14
33654342234	SMS		emis	33656780789		15/01/2020	19:13:06		1		2,08911E+14
33654342234	SMS		emis	33656780789		15/01/2020	19:13:06		1		2,08911E+14
33654342234	VOIX		emis	33656780789		16/01/2020	10:02:26	26		3,56779E+14	2,08911E+14
33654342234	VOIX		emis	33616381195		16/01/2020	17:17:25	150		3,56779E+14	2,08911E+14
33654342234	VOIX		emis	33616381195		16/01/2020	19:46:28	90		3,56779E+14	2,08911E+14
33654342234	VOIX		emis	33678901234		16/01/2020	17:47:19	38		3,56779E+14	2,08911E+14
33654342234	VOIX		emis	33689381111		17/01/2020	12:26:46	31		3,56779E+14	2,08911E+14
33654342234	VOIX		emis	33681025618		18/01/2020	09:07:43	59			2,08911E+14
33654342234	VOIX		emis	33689381111		18/01/2020	09:42:13	67		3,56779E+14	2,08911E+14
33654342234	SMS		emis	3,80674E+11		19/01/2020	07:27:43		1		2,08911E+14
33654342234	VOIX		emis	3,80674E+11		19/01/2020	09:09:09	4		3,56779E+14	2,08911E+14
33654342234	VOIX		emis	33634191197		19/01/2020	10:12:23	25			2,08911E+14
33654342234	VOIX		emis	33678901234		19/01/2020	10:46:08	5		3,56779E+14	2,08911E+14
33654342234	VOIX		emis	33612347186		19/01/2020	12:43:42	6		3,56779E+14	2,08911E+14
33654342234	VOIX		emis	33612347186		19/01/2020	12:22:27	8		3,56779E+14	2,08911E+14
33654342234	VOIX		emis	33678901234		19/01/2020	12:23:07	68		3,56779E+14	2,08911E+14
33654342234	LOC			48875277156		19/01/2020	11:22:28				2,08911E+14
33654342234	SMS		emis	48875277156		19/01/2020	11:22:28		1		2,08911E+14
33654342234	LOC			48875277156		19/01/2020	11:22:29				2,08911E+14
33654342234	SMS		emis	48875277156		19/01/2020	11:22:29		1		2,08911E+14
33654342234	VOIX		emis	48599644091		19/01/2020	16:07:27	52		3,56779E+14	2,08911E+14
33654342234	VOIX		emis	48599644091		19/01/2020	16:10:45	141		3,56779E+14	2,08911E+14
33654342234	VOIX		emis	33678901234		19/01/2020	20:07:17	2		3,56779E+14	2,08911E+14
33654342234	VOIX		emis	33678901234		19/01/2020	20:09:20	36		3,56779E+14	2,08911E+14
33654342234	VOIX		emis	33689381111		20/01/2020	10:46:19	72		3,56779E+14	2,08911E+14
33654342234	LOC			MEVO		20/01/2020	12:10:48				2,08911E+14
33654342234	VOIX		emis	33678901234		20/01/2020	12:22:22	61		3,56779E+14	2,08911E+14
33654342234	VOIX		emis	33661794031		20/01/2020	12:21:29	28		3,56779E+14	2,08911E+14
33654342234	VOIX		emis	33678901234		20/01/2020	17:22:42	19		3,56779E+14	2,08911E+14
33654342234	VOIX		emis	33616381195		20/01/2020	17:21:24	6		3,56779E+14	
33654342234	VOIX		emis	MEVO		20/01/2020	20:03:40	24		3,56779E+14	2,08911E+14
33654342234	LOC			MEVO		20/01/2020	20:03:49				2,08911E+14
33654342234	VOIX		emis	33771811199		21/01/2020	10:42:29	38		3,56779E+14	2,08911E+14
33654342234	VOIX		emis	33678901234		21/01/2020	13:47:02	56		3,56779E+14	2,08911E+14
33654342234	VOIX		emis	33771811199		21/01/2020	17:40:16	149		3,56779E+14	2,08911E+14
33654342234	VOIX		emis	33622286194		23/01/2020	07:42:06	62		3,56779E+14	2,08911E+14
33654342234	VOIX		emis	33622286194		23/01/2020	07:29:10	28		3,56779E+14	2,08911E+14
33654342234	VOIX		emis	33622286194		23/01/2020	09:01:28	4		3,56779E+14	2,08911E+14
33654342234	VOIX		emis	48599644091		23/01/2020	16:46:41	261		3,56779E+14	2,08911E+14
33654342234	VOIX		emis	MEVO		23/01/2020	17:20:41	24		3,56779E+14	2,08911E+14
33654342234	LOC			MEVO		23/01/2020	17:20:42				2,08911E+14
33654342234	SMS	otad	emis	2043		24/01/2020	11:42:08		1		2,08911E+14
33654342234	VOIX		emis	3,89072E+11		24/01/2020	10:47:05	3		3,56779E+14	2,08911E+14
33654342234	VOIX		emis	33689381111		24/01/2020	12:41:03	77		3,56779E+14	2,08911E+14
33654342234	VOIX		emis	33689381111		24/01/2020	12:49:48	38		3,56779E+14	2,08911E+14
33654342234	LOC			38114		24/01/2020	11:46:28				2,08911E+14
33654342234	LOC			38114		24/01/2020	11:46:02				2,08911E+14
33654342234	LOC			3,80668E+11		24/01/2020	16:02:18				2,08911E+14
33654342234	SMS		emis	3,80668E+11		24/01/2020	16:02:18		1		2,08911E+14
33654342234	VOIX		emis	3,89072E+11		24/01/2020	16:02:23	8			2,08911E+14
33654342234	VOIX		emis	33678901234		24/01/2020	16:02:21	23		3,56779E+14	2,08911E+14
33654342234	VOIX		emis	33678901234		24/01/2020	16:03:11	25		3,56779E+14	2,08911E+14
33654342234	LOC			3,80668E+11		24/01/2020	16:07:23				2,08911E+14
33654342234	SMS		emis	3,80668E+11		24/01/2020	16:07:23		1		2,08911E+14
33654342234	LOC			3,80668E+11		24/01/2020	16:07:41				2,08911E+14
33654342234	VOIX		emis	33626076369		24/01/2020	16:09:48	38		3,56779E+14	2,08911E+14
33654342234	LOC			3,80668E+11		24/01/2020	16:27:44				2,08911E+14
33654342234	SMS		emis	3,80668E+11		24/01/2020	16:27:44		1		2,08911E+14
33654342234	VOIX		emis	33678901234		24/01/2020	17:19:10	7		3,56779E+14	2,08911E+14
33654342234	VOIX		emis	33661375444		25/01/2020	07:49:11	16			2,08911E+14
33654342234	VOIX		emis	33689381111		25/01/2020	16:13:43	36		3,56779E+14	2,08911E+14
33654342234	VOIX		emis	33689381111		25/01/2020	19:17:22	15		3,56779E+14	2,08911E+14
33654342234	VOIX		emis	33661375444		26/01/2020	07:26:24	7		3,56779E+14	2,08911E+14
33654342234	VOIX		emis	3,89077E+11		26/01/2020	12:09:09	531		3,56779E+14	2,08911E+14
33654342234	VOIX		emis	33661375444		26/01/2020	22:47:19	16		3,56779E+14	
33654342234	LOC			36608		27/01/2020	10:06:43				2,08911E+14
33654342234	VOIX		emis	33661375444		27/01/2020	12:47:40	191		3,56779E+14	2,08911E+14
33654342234	VOIX		emis	33678901234		27/01/2020	12:21:11	124			2,08911E+14
33654342234	LOC			33678901234		27/01/2020	17:47:40				2,08911E+14
33654342234	VOIX		emis	33642422314		28/01/2020	07:10:24	24			2,08911E+14
33654342234	LOC			33661375444		28/01/2020	07:22:04				2,08911E+14
33654342234	SMS		emis	33661375444		28/01/2020	07:22:04		1		2,08911E+14
33654342234	SMS		emis	33661375444		28/01/2020	07:22:44		1		2,08911E+14
33654342234	LOC			33661375444		28/01/2020	07:26:19				2,08911E+14
33654342234	SMS		emis	33661375444		28/01/2020	07:26:19		1		2,08911E+14
33654342234	LOC			33661375444		28/01/2020	07:26:20				2,08911E+14
33654342234	SMS		emis	33661375444		28/01/2020	07:26:20		1		2,08911E+14
33654342234	LOC			33661375444		28/01/2020	07:26:22				2,08911E+14
33654342234	SMS		emis	33661375444		28/01/2020	07:26:22		1		2,08911E+14
33654342234	VOIX		emis	33678901234		28/01/2020	17:03:27	6		3,56779E+14	
33654342234	VOIX		emis	33678901234		28/01/2020	17:06:07	6		3,56779E+14	
33654342234	VOIX		emis	33661375444		28/01/2020	17:13:48	309		3,56779E+14	2,08911E+14
33654342234	VOIX		emis	33661375444		28/01/2020	17:22:48	96		3,56779E+14	2,08911E+14
33654342234	SMS		emis	33661375444		28/01/2020	17:29:02		1		2,08911E+14
33654342234	VOIX		emis	33661375444		28/01/2020	19:46:08	165		3,56779E+14	2,08911E+14
33654342234	VOIX		emis	33678901234		28/01/2020	19:49:40	47		3,56779E+14	2,08911E+14
33654342234	VOIX		emis	33678901234		28/01/2020	20:12:44	18		3,56779E+14	2,08911E+14
33654342234	VOIX		emis	33661375444		29/01/2020	16:07:04	38		3,56779E+14	2,08911E+14
33654342234	VOIX		emis	33678901234		29/01/2020	16:46:05	21		3,56779E+14	2,08911E+14
33654342234	VOIX		emis	33661375444		29/01/2020	16:11:46	9		3,56779E+14	2,08911E+14
33654342234	VOIX		emis	33661375444		29/01/2020	20:41:43	53		3,56779E+14	2,08911E+14
33654342234	VOIX		emis	33661375444		29/01/2020	22:03:22	233		3,56779E+14	2,08911E+14
33654342234	VOIX		emis	33689381111		30/01/2020	10:13:17	26		3,56779E+14	2,08911E+14
33654342234	LOC			MEVO		30/01/2020	12:07:47				2,08911E+14
33654342234	VOIX		emis	MEVO		30/01/2020	12:12:14	28		3,56779E+14	2,08911E+14
33654342234	LOC			MEVO		30/01/2020	12:12:26				2,08911E+14
33654342234	VOIX		emis	33662171557		30/01/2020	12:12:22	131		3,56779E+14	2,08911E+14
33654342234	LOC			33661375444		30/01/2020	13:02:23				2,08911E+14
33654342234	VOIX		emis	33661375444		30/01/2020	13:07:04	198		3,56779E+14	2,08911E+14
33654342234	VOIX		emis	33661375444		30/01/2020	22:42:27	47		3,56779E+14	2,08911E+14
33654342234	VOIX		emis	33661375444		30/01/2020	22:26:48	9		3,56779E+14	2,08911E+14
33654342234	VOIX		emis	33689381111		31/01/2020	11:41:40	15		3,56779E+14	2,08911E+14
33654342234	LOC			MEVO		31/01/2020	16:22:26				2,08911E+14
33654342234	VOIX		emis	MEVO		31/01/2020	16:22:47	37		3,56779E+14	2,08911E+14
33654342234	LOC			MEVO		31/01/2020	16:22:47				2,08911E+14
33654342234	VOIX		emis	33678901234		31/01/2020	16:46:43	15		3,56779E+14	2,08911E+14
33654342234	VOIX		emis	33678901234		31/01/2020	16:47:04	47		3,56779E+14	2,08911E+14
33654342234	VOIX		emis	33661375444		31/01/2020	16:47:44	8		3,56779E+14	2,08911E+14
33654342234	VOIX		emis	33626076369		31/01/2020	16:22:46	10		3,56779E+14	2,08911E+14
33654342234	VOIX		emis	33626076369		31/01/2020	16:22:10	99		3,56779E+14	2,08911E+14
33654342234	LOC			33678901234		31/01/2020	16:21:20				2,08911E+14
33654342234	LOC			33678901234		31/01/2020	16:21:22				2,08911E+14
33654342234	VOIX		emis	33662171557		31/01/2020	17:41:19	18		3,56779E+14	
33654342234	VOIX		emis	33661375444		31/01/2020	20:10:25	29		3,56779E+14	
33654342234	VOIX		emis	33661375444		31/01/2020	22:40:44	482		3,56779E+14	2,08911E+14
33654342234	VOIX		emis	33678901234		02/02/2020	07:29:41	18		3,56779E+14	2,08911E+14
33654342234	VOIX		emis	33626076369		02/02/2020	09:07:22	120		3,56779E+14	
33654342234	VOIX		emis	33662171557		02/02/2020	09:22:27	34		3,56779E+14	2,08911E+14
33654342234	VOIX		emis	33661375444		02/02/2020	09:26:20	14		3,56779E+14	2,08911E+14
33654342234	VOIX		emis	33661375444		02/02/2020	09:27:29	18		3,56779E+14	2,08911E+14
33654342234	VOIX		emis	33626076369		02/02/2020	09:42:07	27		3,56779E+14	2,08911E+14
33654342234	VOIX		emis	33661375444		02/02/2020	09:46:45	95		3,56779E+14	2,08911E+14
33654342234	VOIX		emis	33662171557		02/02/2020	10:27:16	19		3,56779E+14	
33654342234	VOIX		emis	33689381111		02/02/2020	12:27:29	344		3,56779E+14	
33654342234	VOIX		emis	3,89077E+11		02/02/2020	12:06:13	1042		3,56779E+14	
33654342234	VOIX		emis	33661375444		02/02/2020	12:22:49	209		3,56779E+14	
33654342234	VOIX		emis	33626076369		02/02/2020	12:29:49	2		3,56779E+14	2,08911E+14
33654342234	VOIX		emis	33678901234		02/02/2020	16:43:06	50		3,56779E+14	2,08911E+14
33654342234	VOIX		emis	33678901234		02/02/2020	17:02:48	76		3,56779E+14	2,08911E+14
33654342234	VOIX		emis	MEVO		02/02/2020	20:26:40	25		3,56779E+14	2,08911E+14
33654342234	LOC			MEVO		02/02/2020	20:26:49				2,08911E+14
33654342234	VOIX		emis	33661375444		03/02/2020	07:29:46	72		3,56779E+14	2,08911E+14
33654342234	VOIX		emis	33661375444		03/02/2020	07:47:21	75		3,56779E+14	2,08911E+14
33654342234	VOIX		emis	33661375444		03/02/2020	10:29:19	20		3,56779E+14	2,08911E+14
33654342234	VOIX		emis	33634191197		03/02/2020	20:03:23	69		3,56779E+14	2,08911E+14
33654342234	VOIX		emis	33661375444		04/02/2020	07:29:27	105		3,56779E+14	2,08911E+14
33654342234	VOIX		emis	33661375444		04/02/2020	07:41:27	99		3,56779E+14	2,08911E+14
33654342234	VOIX		emis	33661375444		04/02/2020	09:02:06	59		3,56779E+14	2,08911E+14
33654342234	VOIX		emis	33661375444		04/02/2020	09:27:07	22		3,56779E+14	
33654342234	VOIX		emis	33661375444		04/02/2020	17:29:23	17		3,56779E+14	2,08911E+14
33654342234	VOIX		emis	33661375444		04/02/2020	17:42:24	2		3,56779E+14	2,08911E+14
33654342234	VOIX		emis	33661375444		04/02/2020	17:42:22	5		3,56779E+14	2,08911E+14
33654342234	LOC			MEVO		04/02/2020	17:42:09				2,08911E+14
33654342234	VOIX		emis	MEVO		04/02/2020	17:42:29	16		3,56779E+14	2,08911E+14
33654342234	LOC			MEVO		04/02/2020	17:42:48				2,08911E+14
33654342234	VOIX		emis	33661375444		04/02/2020	17:42:25	56		3,56779E+14	2,08911E+14
33654342234	VOIX		emis	3,8068E+11		04/02/2020	22:11:25	298		3,56779E+14	2,08911E+14
33654342234	VOIX		emis	33661375444		05/02/2020	09:41:45	42		3,56779E+14	2,08911E+14
33654342234	VOIX		emis	33661375444		05/02/2020	10:02:23	21		3,56779E+14	2,08911E+14
33654342234	VOIX		emis	33678901234		05/02/2020	17:26:09	13		3,56779E+14	2,08911E+14
33654342234	VOIX		emis	33661375444		05/02/2020	17:40:02	23			2,08911E+14
33654342234	VOIX		emis	33661375444		06/02/2020	09:40:27	44		3,56779E+14	2,08911E+14
33654342234	LOC			33661375444		06/02/2020	09:43:46				2,08911E+14
33654342234	VOIX		emis	33661375444		06/02/2020	10:41:25	11		3,56779E+14	2,08911E+14
33654342234	VOIX		emis	33661375444		06/02/2020	12:43:17	5		3,56779E+14	2,08911E+14
33654342234	LOC			33689381111		06/02/2020	16:22:07				2,08911E+14
33654342234	VOIX		emis	33689381111		06/02/2020	17:13:29	325		3,56779E+14	2,08911E+14
33654342234	VOIX		emis	33689381111		06/02/2020	17:21:46	19		3,56779E+14	2,08911E+14
33654342234	VOIX		emis	33661375444		06/02/2020	19:29:22	160		3,56779E+14	2,08911E+14
33654342234	VOIX		emis	33661375444		07/02/2020	07:46:40	47			2,08911E+14
33654342234	VOIX		emis	33656780789		07/02/2020	10:21:47	208		3,56779E+14	2,08911E+14
33654342234	VOIX		emis	33678901234		07/02/2020	13:26:44	22		3,56779E+14	2,08911E+14
33654342234	VOIX		emis	MEVO		07/02/2020	13:27:45	1199			2,08911E+14
33654342234	VOIX		emis	33678901234		07/02/2020	16:21:13	25		3,56779E+14	2,08911E+14
33654342234	VOIX		emis	33678901234		07/02/2020	16:40:05	30		3,56779E+14	
33654342234	VOIX		emis	33678901234		07/02/2020	17:19:27	35		3,56779E+14	2,08911E+14
33654342234	VOIX		emis	33678901234		07/02/2020	17:09:41	33		3,56779E+14	2,08911E+14
33654342234	VOIX		emis	33678901234		08/02/2020	13:27:17	17		3,56779E+14	2,08911E+14
33654342234	VOIX		emis	33622659542		08/02/2020	13:47:27	33		3,56779E+14	2,08911E+14
33654342234	VOIX		emis	33622659542		08/02/2020	16:12:23	4		3,56779E+14	2,08911E+14
33654342234	VOIX		emis	33678901234		08/02/2020	17:06:23	8			2,08911E+14
33654342234	VOIX		emis	33678901234		08/02/2020	17:22:01	13			2,08911E+14
33654342234	VOIX		emis	33678901234		08/02/2020	17:22:01	24		3,56779E+14	2,08911E+14
33654342234	VOIX		emis	3,89077E+11		08/02/2020	19:27:12	404		3,56779E+14	2,08911E+14
33654342234	VOIX		emis	MEVO		08/02/2020	20:41:41	122		3,56779E+14	2,08911E+14
33654342234	SMS		emis	33656780789		09/02/2020	20:27:11		1		2,08911E+14
33654342234	SMS		emis	33656780789		09/02/2020	20:27:27		1		2,08911E+14
33654342234	SMS		emis	33656780789		09/02/2020	20:27:27		1		2,08911E+14
33654342234	SMS		emis	33656780789		09/02/2020	20:40:25		1		2,08911E+14
33654342234	SMS		emis	33656780789		09/02/2020	20:40:25		1		2,08911E+14
33654342234	VOIX		emis	33656780789		09/02/2020	20:42:04	231		3,56779E+14	2,08911E+14
33654342234	VOIX		emis	33661375444		09/02/2020	20:47:24	499		3,56779E+14	2,08911E+14
33654342234	LOC			33656780789		09/02/2020	20:40:16				2,08911E+14
33654342234	SMS		emis	33656780789		09/02/2020	22:13:27		1		2,08911E+14
33654342234	VOIX		emis	33678901234		10/02/2020	20:43:49	3		3,56779E+14	2,08911E+14
33654342234	VOIX		emis	3,89091E+11		11/02/2020	13:06:21	75			2,08911E+14
33654342234	VOIX		emis	4,13808E+11		11/02/2020	13:17:22	89		3,56779E+14	2,08911E+14
33654342234	VOIX		emis	33678901234		12/02/2020	10:12:45	54		3,56779E+14	2,08911E+14
33654342234	VOIX		emis	33678901234		12/02/2020	10:16:07	11		3,56779E+14	2,08911E+14
33654342234	VOIX		emis	33678901234		12/02/2020	12:20:24	18		3,56779E+14	2,08911E+14
33654342234	VOIX		emis	33626076369		12/02/2020	12:21:28	6		3,56779E+14	2,08911E+14
33654342234	VOIX		emis	33626076369		12/02/2020	12:23:44	11		3,56779E+14	2,08911E+14
33654342234	VOIX		emis	33661375444		12/02/2020	12:40:22	56		3,56779E+14	2,08911E+14
33654342234	VOIX		emis	33661375444		12/02/2020	12:42:20	41		3,56779E+14	2,08911E+14
33654342234	SMS		emis	33661375444		12/02/2020	12:22:20		1		2,08911E+14
33654342234	SMS		emis	33656780789		12/02/2020	20:42:22		1		2,08911E+14
33654342234	SMS		emis	33656780789		12/02/2020	20:41:28		1		2,08911E+14
33654342234	SMS		emis	33656780789		12/02/2020	20:41:44		1		2,08911E+14
33654342234	SMS		emis	33656780789		12/02/2020	20:43:45		1		2,08911E+14
33654342234	VOIX		emis	33678901234		13/02/2020	10:19:21	91			2,08911E+14
33654342234	VOIX		emis	33626076369		13/02/2020	17:19:21	134		3,56779E+14	2,08911E+14
33654342234	SMS		emis	33656780789		13/02/2020	22:27:07		1		2,08911E+14
33654342234	SMS		emis	33656780789		13/02/2020	22:27:46		1		2,08911E+14
33654342234	SMS		emis	33656780789		13/02/2020	22:29:42		1		2,08911E+14
33654342234	SMS		emis	33656780789		13/02/2020	22:29:26		1		2,08911E+14
33654342234	SMS		emis	33656780789		13/02/2020	22:40:03		1		2,08911E+14
33654342234	SMS		emis	33656780789		13/02/2020	22:40:48		1		2,08911E+14
33654342234	SMS		emis	33656780789		13/02/2020	22:42:27		1		2,08911E+14
33654342234	SMS		emis	33656780789		13/02/2020	22:42:25		1		2,08911E+14
33654342234	SMS		emis	33656780789		13/02/2020	22:42:18		1		2,08911E+14
33654342234	SMS		emis	33656780789		13/02/2020	22:43:05		1		2,08911E+14
33654342234	SMS		emis	33656780789		13/02/2020	22:43:20		1		2,08911E+14
33654342234	SMS		emis	33656780789		13/02/2020	22:46:20		1		2,08911E+14
33654342234	SMS		emis	33656780789		13/02/2020	22:46:20		1		2,08911E+14
33654342234	SMS		emis	33656780789		13/02/2020	22:46:46		1		2,08911E+14
33654342234	SMS		emis	33656780789		13/02/2020	22:47:10		1		2,08911E+14
33654342234	SMS		emis	33656780789		13/02/2020	22:49:40		1		2,08911E+14
33654342234	SMS		emis	33656780789		13/02/2020	22:20:42		1		2,08911E+14
33654342234	SMS		emis	33656780789		13/02/2020	22:20:41		1		2,08911E+14
33654342234	SMS		emis	33656780789		13/02/2020	22:22:13		1		2,08911E+14
33654342234	SMS		emis	33656780789		13/02/2020	22:22:27		1		2,08911E+14
33654342234	SMS		emis	33656780789		13/02/2020	22:22:48		1		2,08911E+14
33654342234	SMS		emis	33656780789		13/02/2020	22:21:27		1		2,08911E+14
33654342234	SMS		emis	33656780789		13/02/2020	22:21:40		1		2,08911E+14
33654342234	SMS		emis	33656780789		13/02/2020	22:21:20		1		2,08911E+14
33654342234	SMS		emis	33656780789		13/02/2020	22:23:28		1		2,08911E+14
33654342234	SMS		emis	33656780789		13/02/2020	22:23:47		1		2,08911E+14
33654342234	SMS		emis	33656780789		13/02/2020	22:26:21		1		2,08911E+14
33654342234	SMS		emis	33656780789		13/02/2020	22:26:22		1		2,08911E+14
33654342234	SMS		emis	33656780789		13/02/2020	22:27:44		1		2,08911E+14
33654342234	LOC			33661375444		14/02/2020	07:23:05				2,08911E+14
33654342234	LOC			33661375444		14/02/2020	07:23:09				2,08911E+14
33654342234	VOIX		emis	33626076369		14/02/2020	07:22:42	108		3,56779E+14	2,08911E+14
33654342234	VOIX		emis	33656780789		14/02/2020	07:26:14	45		3,56779E+14	2,08911E+14
33654342234	VOIX		emis	33661375444		14/02/2020	07:27:43	38		3,56779E+14	2,08911E+14
33654342234	VOIX		emis	33662171557		14/02/2020	12:02:46	142		3,56779E+14	
33654342234	VOIX		emis	33678901234		14/02/2020	16:26:11	4		3,56779E+14	2,08911E+14
33654342234	LOC			33656780789		15/02/2020	07:26:26				2,08911E+14
33654342234	SMS		emis	33656780789		15/02/2020	07:26:26		1		2,08911E+14
33654342234	LOC			33656780789		15/02/2020	07:26:23				2,08911E+14
33654342234	SMS		emis	33656780789		15/02/2020	07:26:23		1		2,08911E+14
33654342234	VOIX		emis	33678901234		15/02/2020	07:42:21	5		3,56779E+14	2,08911E+14
33654342234	VOIX		emis	33656780789		15/02/2020	09:49:23	14		3,56779E+14	2,08911E+14
33654342234	VOIX		emis	33678901234		15/02/2020	13:21:25	13		3,56779E+14	2,08911E+14
33654342234	VOIX		emis	33661375444		15/02/2020	16:42:14	29		3,56779E+14	2,08911E+14
33654342234	VOIX		emis	33661375444		15/02/2020	16:23:26	15		3,56779E+14	2,08911E+14
33654342234	VOIX		emis	33771811199		15/02/2020	16:26:11	22		3,56779E+14	2,08911E+14
33654342234	LOC			33661375444		15/02/2020	16:26:17				2,08911E+14
33654342234	VOIX		emis	33678901234		15/02/2020	20:42:42	26		3,56779E+14	2,08911E+14
33654342234	VOIX		emis	33678901234		15/02/2020	20:21:46	14		3,56779E+14	
33654342234	SMS		emis	33661375444		15/02/2020	22:42:26		1		2,08911E+14
33654342234	SMS		emis	33661375444		15/02/2020	22:42:26		1		2,08911E+14
33654342234	VOIX		emis	33661375444		16/02/2020	07:26:18	10		3,56779E+14	2,08911E+14
33654342234	VOIX		emis	3,80674E+11		16/02/2020	12:22:49	61		3,56779E+14	2,08911E+14
33654342234	VOIX		emis	33678901234		16/02/2020	16:20:25	54		3,56779E+14	
33654342234	VOIX		emis	33622286194		17/02/2020	09:26:47	375		3,56779E+14	2,08911E+14
33654342234	VOIX		emis	33689381111		17/02/2020	10:29:43	238		3,56779E+14	2,08911E+14
33654342234	VOIX		emis	33678901234		17/02/2020	16:46:44	13		3,56779E+14	
33654342234	SMS		emis	3,80674E+11		17/02/2020	22:47:10		1		2,08911E+14
33654342234	SMS		emis	3,80674E+11		17/02/2020	22:47:10		1		2,08911E+14
33654342234	VOIX		emis	33678901234		18/02/2020	09:42:15	6		3,56779E+14	
33654342234	VOIX		emis	33678901234		18/02/2020	09:46:13	21		3,56779E+14	
33654342234	VOIX		emis	3,80677E+11		18/02/2020	16:41:20	24		3,56779E+14	
33654342234	VOIX		emis	33689381111		18/02/2020	16:46:49	5		3,56779E+14	
33654342234	VOIX		emis	33689381111		18/02/2020	16:49:40	34		3,56779E+14	
33654342234	LOC			2043		18/02/2020	19:17:18				2,08911E+14
33654342234	LOC			2043		18/02/2020	19:17:19				2,08911E+14
33654342234	LOC			2043		18/02/2020	19:17:20				2,08911E+14
33654342234	LOC			2043		18/02/2020	19:17:21				2,08911E+14
33654342234	LOC			2043		18/02/2020	19:17:27				2,08911E+14
33654342234	SMS	otad	emis	2043		18/02/2020	19:17:27		1		2,08911E+14
33654342234	VOIX		emis	33678901234		18/02/2020	20:12:43	177		3,56779E+14	
33654342234	VOIX		emis	33661375444		19/02/2020	07:01:48	62		3,56779E+14	2,08911E+14
33654342234	VOIX		emis	33661375444		19/02/2020	07:17:22	31		3,56779E+14	2,08911E+14
33654342234	VOIX		emis	33689381111		19/02/2020	09:17:06	12		3,56779E+14	2,08911E+14
33654342234	VOIX		emis	33689381111		19/02/2020	17:19:20	33			2,08911E+14
33654342234	VOIX		emis	33661375444		19/02/2020	17:47:18	58		3,56779E+14	2,08911E+14
33654342234	VOIX		emis	33661375444		19/02/2020	19:11:03	27		3,56779E+14	2,08911E+14
33654342234	VOIX		emis	33661375444		20/02/2020	07:41:42	131		3,56779E+14	2,08911E+14
33654342234	VOIX		emis	33661375444		20/02/2020	07:47:08	27		3,56779E+14	2,08911E+14
33654342234	SMS		emis	33656780789		20/02/2020	09:42:43		1		2,08911E+14
33654342234	SMS		emis	33656780789		20/02/2020	09:42:43		1		2,08911E+14
33654342234	LOC			33689381111		20/02/2020	10:29:14				2,08911E+14
33654342234	VOIX		emis	33689381111		20/02/2020	12:02:48	67		3,56779E+14	2,08911E+14
33654342234	LOC			36180		20/02/2020	12:43:26				2,08911E+14
33654342234	LOC			36180		20/02/2020	12:43:40				2,08911E+14
33654342234	VOIX		emis	33678901234		20/02/2020	16:22:06	49		3,56779E+14	2,08911E+14
33654342234	VOIX		emis	33689381111		20/02/2020	17:46:17	171		3,56779E+14	2,08911E+14
33654342234	VOIX		emis	33678901234		20/02/2020	22:41:13	56			2,08911E+14
